fiscal_year,fiscal_week,fiscal_quarter,current_year_gallons,previous_year_gallons,yoy_diff_gallons,cum_current_year_gallons,cum_previous_year_gallons,cum_diff_gallons,current_year_million_gal,roll4_million_gal,is_reconstructed,is_outlier,quarter_Q1,quarter_Q2,quarter_Q3,quarter_Q4
2020,1,Q1,2781240000.0,2668932000.0,112308000.0,2781240000.0,2668932000.0,112308000.0,2781.24,2781.24,False,False,True,False,False,False
2020,2,Q1,2750076000.0,2699508000.0,50568000.0,5531316000.0,5368440000.0,162876000.0,2750.076,2765.658,False,False,True,False,False,False
2020,3,Q1,2819460000.0,2741256000.0,78204000.0,8350776000.0,8109696000.0,241080000.0,2819.46,2783.592,False,False,True,False,False,False
2020,4,Q1,2876496000.0,2723028000.0,153468000.0,11227272000.0,10832724000.0,394548000.0,2876.496,2806.818,False,False,True,False,False,False
2020,5,Q1,2688630000.0,2675106000.0,13524000.0,13915902000.0,13507830000.0,408072000.0,2688.63,2783.6655,False,False,True,False,False,False
2020,6,Q1,2740374000.0,2702448000.0,37926000.0,16656276000.0,16210278000.0,445998000.0,2740.374,2781.24,False,False,True,False,False,False
2020,7,Q1,2702448000.0,2700390000.0,2058000.0,19358724000.0,18910668000.0,448056000.0,2702.448,2751.987,False,False,True,False,False,False
2020,8,Q1,2705976000.0,2701272000.0,4704000.0,22064700000.0,21611940000.0,452760000.0,2705.976,2709.357,False,False,True,False,False,False
2020,9,Q1,2655408000.0,2609838000.0,45570000.0,24720108000.0,24221778000.0,498330000.0,2655.408,2701.0515,False,False,True,False,False,False
2020,10,Q1,2611308000.0,2656584000.0,-45276000.0,27331416000.0,26878362000.0,453054000.0,2611.308,2668.785,False,False,True,False,False,False
2020,11,Q1,2766834000.0,2717442000.0,49392000.0,30098250000.0,29595804000.0,502446000.0,2766.834,2684.8815,False,False,True,False,False,False
2020,12,Q1,2735082000.0,2748312000.0,-13230000.0,32833332000.0,32344116000.0,489216000.0,2735.082,2692.158,False,False,True,False,False,False
2020,13,Q1,2634534000.0,2535162000.0,99372000.0,35467866000.0,34879278000.0,588588000.0,2634.534,2686.9395,False,False,True,False,False,False
2020,14,Q2,2391102000.0,2568090000.0,-176988000.0,37858968000.0,37447368000.0,411600000.0,2391.102,2631.888,False,False,False,True,False,False
2020,15,Q2,2516052000.0,2518110000.0,-2058000.0,40375020000.0,39965478000.0,409542000.0,2516.052,2569.1925,False,False,False,True,False,False
2020,16,Q2,2546628000.0,2607192000.0,-60564000.0,42921648000.0,42572670000.0,348978000.0,2546.628,2522.079,False,False,False,True,False,False
2020,17,Q2,2585142000.0,2811816000.0,-226674000.0,45506790000.0,45384486000.0,122304000.0,2585.142,2509.731,False,False,False,True,False,False
2020,18,Q2,2626302000.0,2667462000.0,-41160000.0,48133092000.0,48051948000.0,81144000.0,2626.302,2568.531,False,False,False,True,False,False
2020,19,Q2,2564268000.0,2542512000.0,21756000.0,50697360000.0,50594460000.0,102900000.0,2564.268,2580.585,False,False,False,True,False,False
2020,20,Q2,2621892000.0,2587200000.0,34692000.0,53319252000.0,53181660000.0,137592000.0,2621.892,2599.401,False,False,False,True,False,False
2020,21,Q2,2656290000.0,2640414000.0,15876000.0,55975542000.0,55822074000.0,153468000.0,2656.29,2617.188,False,False,False,True,False,False
2020,22,Q2,2700684000.0,2664228000.0,36456000.0,58676226000.0,58486302000.0,189924000.0,2700.684,2635.7835,False,False,False,True,False,False
2020,23,Q2,2778006000.0,2687160000.0,90846000.0,61454232000.0,61173462000.0,280770000.0,2778.006,2689.218,False,False,False,True,False,False
2020,24,Q2,2850624000.0,2766246000.0,84378000.0,64304856000.0,63939708000.0,365148000.0,2850.624,2746.401,False,False,False,True,False,False
2020,25,Q2,2598078000.0,2682456000.0,-84378000.0,66902934000.0,66622164000.0,280770000.0,2598.078,2731.848,False,False,False,True,False,False
2020,26,Q2,1957746000.0,2684514000.0,-726768000.0,68860680000.0,69306678000.0,-445998000.0,1957.746,2546.1135,False,True,False,True,False,False
2020,27,Q3,1489110000.0,2882964000.0,-1393854000.0,70349790000.0,72189642000.0,-1839852000.0,1489.11,2223.8895,False,True,False,False,True,False
2020,28,Q3,1493814000.0,2769480000.0,-1275666000.0,71843604000.0,74959122000.0,-3115518000.0,1493.814,1884.6870000000001,False,True,False,False,True,False
2020,29,Q3,1561434000.0,2766246000.0,-1204812000.0,73405038000.0,77725368000.0,-4320330000.0,1561.434,1625.526,False,True,False,False,True,False
2020,30,Q3,1722840000.0,2713032000.0,-990192000.0,75127878000.0,80438400000.0,-5310522000.0,1722.84,1566.7995,False,True,False,False,True,False
2020,31,Q3,1959216000.0,2902074000.0,-942858000.0,77087094000.0,83340474000.0,-6253380000.0,1959.216,1684.326,False,True,False,False,True,False
2020,32,Q3,2175012000.0,2689512000.0,-514500000.0,79262106000.0,86029986000.0,-6767880000.0,2175.012,1854.6255,False,True,False,False,True,False
2020,33,Q3,1996260000.0,2772126000.0,-775866000.0,81258366000.0,88802112000.0,-7543746000.0,1996.26,1963.3319999999999,False,True,False,False,True,False
2020,34,Q3,2132382000.0,2761836000.0,-629454000.0,83390748000.0,91563948000.0,-8173200000.0,2132.382,2065.7174999999997,False,True,False,False,True,False
2020,35,Q3,2219406000.0,2775654000.0,-556248000.0,85610154000.0,94339602000.0,-8729448000.0,2219.406,2130.7650000000003,False,False,False,False,True,False
2020,36,Q3,2322600000.0,2903838000.0,-581238000.0,87932754000.0,97243440000.0,-9310686000.0,2322.6,2167.662,False,False,False,False,True,False
2020,37,Q3,2313780000.0,2918832000.0,-605052000.0,90246534000.0,100162272000.0,-9915738000.0,2313.78,2247.0420000000004,False,False,False,False,True,False
2020,38,Q3,2530752000.0,2783004000.0,-252252000.0,92777286000.0,102945276000.0,-10167990000.0,2530.752,2346.6345,False,False,False,False,True,False
2020,39,Q3,2516934000.0,2790648000.0,-273714000.0,95294220000.0,105735924000.0,-10441704000.0,2516.934,2421.0165,False,False,False,False,True,False
2020,40,Q4,2577204000.0,2867676000.0,-290472000.0,97871424000.0,108603600000.0,-10732176000.0,2577.204,2484.6675,False,False,False,False,False,True
2020,41,Q4,2542512000.0,2708916000.0,-166404000.0,100000000000.0,110898580000.0,-10898580000.0,2542.512,2541.8505,False,False,False,False,False,True
2020,42,Q4,2513700000.0,2843862000.0,-330162000.0,103000000000.0,114228742000.0,-11228742000.0,2513.7,2537.5875,False,False,False,False,False,True
2020,43,Q4,2589846000.0,2810346000.0,-220500000.0,106000000000.0,117449242000.0,-11449242000.0,2589.846,2555.8155,False,False,False,False,False,True
2020,44,Q4,2533398000.0,2837394000.0,-303996000.0,108000000000.0,119753238000.0,-11753238000.0,2533.398,2544.864,False,False,False,False,False,True
2020,45,Q4,2611602000.0,2920008000.0,-308406000.0,111000000000.0,123061644000.0,-12061644000.0,2611.602,2562.1364999999996,False,False,False,False,False,True
2020,46,Q4,2537220000.0,2830044000.0,-292824000.0,113000000000.0,125354468000.0,-12354468000.0,2537.22,2568.0165,False,False,False,False,False,True
2020,47,Q4,2693334000.0,2910600000.0,-217266000.0,116000000000.0,128571734000.0,-12571734000.0,2693.334,2593.8885,False,False,False,False,False,True
2020,48,Q4,2583084000.0,2784474000.0,-201390000.0,118000000000.0,130773124000.0,-12773124000.0,2583.084,2606.31,False,False,False,False,False,True
2020,49,Q4,2466660000.0,2883258000.0,-416598000.0,121000000000.0,134189722000.0,-13189722000.0,2466.66,2570.0744999999997,False,False,False,False,False,True
2020,50,Q4,2492532000.0,2628066000.0,-135534000.0,123000000000.0,136325256000.0,-13325256000.0,2492.532,2558.9025,False,False,False,False,False,True
2020,51,Q4,2503410000.0,2747724000.0,-244314000.0,126000000000.0,139569570000.0,-13569570000.0,2503.41,2511.4215,False,False,False,False,False,True
2020,52,Q4,2507526000.0,2686278000.0,-178752000.0,128000000000.0,141748322000.0,-13748322000.0,2507.526,2492.532,False,False,False,False,False,True
2021,1,Q1,2615424000.0,2781240000.0,-165816000.0,2615424000.0,2781240000.0,-165816000.0,2615.424,2529.723,False,False,True,False,False,False
2021,2,Q1,2521344000.0,2750076000.0,-228732000.0,5136768000.0,5531316000.0,-394548000.0,2521.344,2536.926,False,False,True,False,False,False
2021,3,Q1,2436966000.0,2819460000.0,-382494000.0,7573734000.0,8350776000.0,-777042000.0,2436.966,2520.3149999999996,False,False,True,False,False,False
2021,4,Q1,2512230000.0,2876496000.0,-364266000.0,10085964000.0,11227272000.0,-1141308000.0,2512.23,2521.491,False,False,True,False,False,False
2021,5,Q1,2450784000.0,2688630000.0,-237846000.0,12536748000.0,13915902000.0,-1379154000.0,2450.784,2480.331,False,False,True,False,False,False
2021,6,Q1,2576028000.0,2740374000.0,-164346000.0,15112776000.0,16656276000.0,-1543500000.0,2576.028,2494.002,False,False,True,False,False,False
2021,7,Q1,2427852000.0,2702448000.0,-274596000.0,17540628000.0,19358724000.0,-1818096000.0,2427.852,2491.7235,False,False,True,False,False,False
2021,8,Q1,2389926000.0,2705976000.0,-316050000.0,19930554000.0,22064700000.0,-2134146000.0,2389.926,2461.1475,False,False,True,False,False,False
2021,9,Q1,2344062000.0,2655408000.0,-311346000.0,22274616000.0,24720108000.0,-2445492000.0,2344.062,2434.4669999999996,False,False,True,False,False,False
2021,10,Q1,2234400000.0,2611308000.0,-376908000.0,24509016000.0,27331416000.0,-2822400000.0,2234.4,2349.06,False,False,True,False,False,False
2021,11,Q1,2344650000.0,2766834000.0,-422184000.0,26853666000.0,30098250000.0,-3244584000.0,2344.65,2328.2595,False,False,True,False,False,False
2021,12,Q1,2358468000.0,2735082000.0,-376614000.0,29212134000.0,32833332000.0,-3621198000.0,2358.468,2320.395,False,False,True,False,False,False
2021,13,Q1,2389632000.0,2634534000.0,-244902000.0,31601766000.0,35467866000.0,-3866100000.0,2389.632,2331.7875,False,False,True,False,False,False
2021,14,Q2,2187654000.0,2391102000.0,-203448000.0,33789420000.0,37858968000.0,-4069548000.0,2187.654,2320.101,False,True,False,True,False,False
2021,15,Q2,2214408000.0,2516052000.0,-301644000.0,36003828000.0,40375020000.0,-4371192000.0,2214.408,2287.5405,False,False,False,True,False,False
2021,16,Q2,2384928000.0,2546628000.0,-161700000.0,38388756000.0,42921648000.0,-4532892000.0,2384.928,2294.1555,False,False,False,True,False,False
2021,17,Q2,2302902000.0,2585142000.0,-282240000.0,40691658000.0,45506790000.0,-4815132000.0,2302.902,2272.473,False,False,False,True,False,False
2021,18,Q2,2284380000.0,2626302000.0,-341922000.0,42976038000.0,48133092000.0,-5157054000.0,2284.38,2296.6545,False,False,False,True,False,False
2021,19,Q2,2309958000.0,2564268000.0,-254310000.0,45285996000.0,50697360000.0,-5411364000.0,2309.958,2320.5420000000004,False,False,False,True,False,False
2021,20,Q2,2471658000.0,2621892000.0,-150234000.0,47757654000.0,53319252000.0,-5561598000.0,2471.658,2342.2245000000003,False,False,False,True,False,False
2021,21,Q2,2118858000.0,2656290000.0,-537432000.0,49876512000.0,55975542000.0,-6099030000.0,2118.858,2296.2135000000003,False,True,False,True,False,False
2021,22,Q2,2395512000.0,2700684000.0,-305172000.0,52272024000.0,58676226000.0,-6404202000.0,2395.512,2323.9965,False,False,False,True,False,False
2021,23,Q2,2565444000.0,2778006000.0,-212562000.0,54837468000.0,61454232000.0,-6616764000.0,2565.444,2387.868,False,False,False,True,False,False
2021,24,Q2,2481948000.0,2850624000.0,-368676000.0,57319416000.0,64304856000.0,-6985440000.0,2481.948,2390.4405,False,False,False,True,False,False
2021,25,Q2,2533104000.0,2598078000.0,-64974000.0,59852520000.0,66902934000.0,-7050414000.0,2533.104,2494.002,False,False,False,True,False,False
2021,26,Q2,2613954000.0,1957746000.0,656208000.0,62466474000.0,68860680000.0,-6394206000.0,2613.954,2548.6125,False,False,False,True,False,False
2021,27,Q3,2581614000.0,1489110000.0,1092504000.0,65048088000.0,70349790000.0,-5301702000.0,2581.614,2552.655,False,False,False,False,True,False
2021,28,Q3,2629536000.0,1493814000.0,1135722000.0,67677624000.0,71843604000.0,-4165980000.0,2629.536,2589.552,False,False,False,False,True,False
2021,29,Q3,2676576000.0,1561434000.0,1115142000.0,70354200000.0,73405038000.0,-3050838000.0,2676.576,2625.42,False,False,False,False,True,False
2021,30,Q3,2609838000.0,1722840000.0,886998000.0,72964038000.0,75127878000.0,-2163840000.0,2609.838,2624.391,False,False,False,False,True,False
2021,31,Q3,2606016000.0,1959216000.0,646800000.0,75570054000.0,77087094000.0,-1517040000.0,2606.016,2630.4915,False,False,False,False,True,False
2021,32,Q3,2587200000.0,2175012000.0,412188000.0,78157254000.0,79262106000.0,-1104852000.0,2587.2,2619.9075000000003,False,False,False,False,True,False
2021,33,Q3,2711856000.0,1996260000.0,715596000.0,80869110000.0,81258366000.0,-389256000.0,2711.856,2628.7275,False,False,False,False,True,False
2021,34,Q3,2786826000.0,2132382000.0,654444000.0,83655936000.0,83390748000.0,265188000.0,2786.826,2672.9745000000003,False,False,False,False,True,False
2021,35,Q3,2688924000.0,2219406000.0,469518000.0,86344860000.0,85610154000.0,734706000.0,2688.924,2693.7015,False,False,False,False,True,False
2021,36,Q3,2493120000.0,2322600000.0,170520000.0,88837980000.0,87932754000.0,905226000.0,2493.12,2670.1814999999997,False,False,False,False,True,False
2021,37,Q3,2751840000.0,2313780000.0,438060000.0,91589820000.0,90246534000.0,1343286000.0,2751.84,2680.1775,False,False,False,False,True,False
2021,38,Q3,2775360000.0,2530752000.0,244608000.0,94365180000.0,92777286000.0,1587894000.0,2775.36,2677.311,False,False,False,False,True,False
2021,39,Q3,2696862000.0,2516934000.0,179928000.0,97062042000.0,95294220000.0,1767822000.0,2696.862,2679.2955,False,False,False,False,True,False
2021,40,Q4,2952642000.0,2577204000.0,375438000.0,100000000000.0,97856740000.0,2143260000.0,2952.642,2794.1760000000004,False,False,False,False,False,True
2021,41,Q4,2729202000.0,2542512000.0,186690000.0,103000000000.0,100670050000.0,2329950000.0,2729.202,2788.5165,False,False,False,False,False,True
2021,42,Q4,2732730000.0,2513700000.0,219030000.0,105000000000.0,102451020000.0,2548980000.0,2732.73,2777.8590000000004,False,False,False,False,False,True
2021,43,Q4,2741550000.0,2589846000.0,151704000.0,108000000000.0,105299316000.0,2700684000.0,2741.55,2789.031,False,False,False,False,False,True
2021,44,Q4,2873850000.0,2533398000.0,340452000.0,111000000000.0,107958864000.0,3041136000.0,2873.85,2769.333,False,False,False,False,False,True
2021,45,Q4,2772420000.0,2611602000.0,160818000.0,114000000000.0,110798046000.0,3201954000.0,2772.42,2780.1375000000003,False,False,False,False,False,True
2021,46,Q4,2743902000.0,2537220000.0,206682000.0,117000000000.0,113591364000.0,3408636000.0,2743.902,2782.9305,False,False,False,False,False,True
2021,47,Q4,2814168000.0,2693334000.0,120834000.0,119000000000.0,115470530000.0,3529470000.0,2814.168,2801.085,False,False,False,False,False,True
2021,48,Q4,2815932000.0,2583084000.0,232848000.0,122000000000.0,118237682000.0,3762318000.0,2815.932,2786.6054999999997,False,False,False,False,False,True
2021,49,Q4,2824752000.0,2466660000.0,358092000.0,125000000000.0,120879590000.0,4120410000.0,2824.752,2799.6884999999997,False,False,False,False,False,True
2021,50,Q4,2614248000.0,2492532000.0,121716000.0,128000000000.0,123757874000.0,4242126000.0,2614.248,2767.2749999999996,False,False,False,False,False,True
2021,51,Q4,2615424000.0,2503410000.0,112014000.0,130000000000.0,125645860000.0,4354140000.0,2615.424,2717.589,False,False,False,False,False,True
2021,52,Q4,2763306000.0,2507526000.0,255780000.0,133000000000.0,128390080000.0,4609920000.0,2763.306,2704.4325,False,False,False,False,False,True
2022,1,Q1,2771538000.0,2615424000.0,156114000.0,2771538000.0,2615424000.0,156114000.0,2771.538,2691.129,False,False,True,False,False,False
2022,2,Q1,2700684000.0,2521344000.0,179340000.0,5472222000.0,5136768000.0,335454000.0,2700.684,2712.7380000000003,False,False,True,False,False,False
2022,3,Q1,2832396000.0,2436966000.0,395430000.0,8304618000.0,7573734000.0,730884000.0,2832.396,2766.981,False,False,True,False,False,False
2022,4,Q1,2740962000.0,2512230000.0,228732000.0,11045580000.0,10085964000.0,959616000.0,2740.962,2761.3950000000004,False,False,True,False,False,False
2022,5,Q1,2794176000.0,2450784000.0,343392000.0,13839756000.0,12536748000.0,1303008000.0,2794.176,2767.0545,False,False,True,False,False,False
2022,6,Q1,2722146000.0,2576028000.0,146118000.0,16561902000.0,15112776000.0,1449126000.0,2722.146,2772.42,False,False,True,False,False,False
2022,7,Q1,2716854000.0,2427852000.0,289002000.0,19278756000.0,17540628000.0,1738128000.0,2716.854,2743.5345,False,False,True,False,False,False
2022,8,Q1,2744196000.0,2389926000.0,354270000.0,22022952000.0,19930554000.0,2092398000.0,2744.196,2744.343,False,False,True,False,False,False
2022,9,Q1,2586024000.0,2344062000.0,241962000.0,24608976000.0,22274616000.0,2334360000.0,2586.024,2692.305,False,False,True,False,False,False
2022,10,Q1,2635122000.0,2234400000.0,400722000.0,27244098000.0,24509016000.0,2735082000.0,2635.122,2670.549,False,False,True,False,False,False
2022,11,Q1,2784768000.0,2344650000.0,440118000.0,30028866000.0,26853666000.0,3175200000.0,2784.768,2687.5275,False,False,True,False,False,False
2022,12,Q1,2641884000.0,2358468000.0,283416000.0,32670750000.0,29212134000.0,3458616000.0,2641.884,2661.9495,False,False,True,False,False,False
2022,13,Q1,2858856000.0,2389632000.0,469224000.0,35529606000.0,31601766000.0,3927840000.0,2858.856,2730.1575000000003,False,False,True,False,False,False
2022,14,Q2,2402568000.0,2187654000.0,214914000.0,37932174000.0,33789420000.0,4142754000.0,2402.568,2672.0190000000002,False,False,False,True,False,False
2022,15,Q2,2324364000.0,2214408000.0,109956000.0,40256538000.0,36003828000.0,4252710000.0,2324.364,2556.918,False,False,False,True,False,False
2022,16,Q2,2417856000.0,2384928000.0,32928000.0,42674394000.0,38388756000.0,4285638000.0,2417.856,2500.911,False,False,False,True,False,False
2022,17,Q2,2500470000.0,2302902000.0,197568000.0,45174864000.0,40691658000.0,4483206000.0,2500.47,2411.3145,False,False,False,True,False,False
2022,18,Q2,2418444000.0,2284380000.0,134064000.0,47593308000.0,42976038000.0,4617270000.0,2418.444,2415.2835,False,False,False,True,False,False
2022,19,Q2,2683044000.0,2309958000.0,373086000.0,50276352000.0,45285996000.0,4990356000.0,2683.044,2504.9535,False,False,False,True,False,False
2022,20,Q2,2519580000.0,2471658000.0,47922000.0,52795932000.0,47757654000.0,5038278000.0,2519.58,2530.3845,False,False,False,True,False,False
2022,21,Q2,2545158000.0,2118858000.0,426300000.0,55341090000.0,49876512000.0,5464578000.0,2545.158,2541.5565,False,False,False,True,False,False
2022,22,Q2,2570442000.0,2395512000.0,174930000.0,57911532000.0,52272024000.0,5639508000.0,2570.442,2579.556,False,False,False,True,False,False
2022,23,Q2,2634828000.0,2565444000.0,69384000.0,60546360000.0,54837468000.0,5708892000.0,2634.828,2567.502,False,False,False,True,False,False
2022,24,Q2,2629536000.0,2481948000.0,147588000.0,63175896000.0,57319416000.0,5856480000.0,2629.536,2594.991,False,False,False,True,False,False
2022,25,Q2,2539278000.0,2533104000.0,6174000.0,65715174000.0,59852520000.0,5862654000.0,2539.278,2593.521,False,False,False,True,False,False
2022,26,Q2,2498706000.0,2613954000.0,-115248000.0,68213880000.0,62466474000.0,5747406000.0,2498.706,2575.587,False,False,False,True,False,False
2022,27,Q3,2517228000.0,2581614000.0,-64386000.0,70731108000.0,65048088000.0,5683020000.0,2517.228,2546.187,False,False,False,False,True,False
2022,28,Q3,2568384000.0,2629536000.0,-61152000.0,73299492000.0,67677624000.0,5621868000.0,2568.384,2530.899,False,False,False,False,True,False
2022,29,Q3,2607192000.0,2676576000.0,-69384000.0,75906684000.0,70354200000.0,5552484000.0,2607.192,2547.8775,False,False,False,False,True,False
2022,30,Q3,2569266000.0,2609838000.0,-40572000.0,78475950000.0,72964038000.0,5511912000.0,2569.266,2565.5175,False,False,False,False,True,False
2022,31,Q3,2603664000.0,2606016000.0,-2352000.0,81079614000.0,75570054000.0,5509560000.0,2603.664,2587.1265000000003,False,False,False,False,True,False
2022,32,Q3,2558388000.0,2587200000.0,-28812000.0,83638002000.0,78157254000.0,5480748000.0,2558.388,2584.6275,False,False,False,False,True,False
2022,33,Q3,2653938000.0,2711856000.0,-57918000.0,86291940000.0,80869110000.0,5422830000.0,2653.938,2596.314,False,False,False,False,True,False
2022,34,Q3,2586612000.0,2786826000.0,-200214000.0,88878552000.0,83655936000.0,5222616000.0,2586.612,2600.6505,False,False,False,False,True,False
2022,35,Q3,2639238000.0,2688924000.0,-49686000.0,91517790000.0,86344860000.0,5172930000.0,2639.238,2609.544,False,False,False,False,True,False
2022,36,Q3,2704506000.0,2493120000.0,211386000.0,94222296000.0,88837980000.0,5384316000.0,2704.506,2646.0735,False,False,False,False,True,False
2022,37,Q3,2673342000.0,2751840000.0,-78498000.0,96895638000.0,91589820000.0,5305818000.0,2673.342,2650.9245,False,False,False,False,True,False
2022,38,Q3,2500470000.0,2775360000.0,-274890000.0,99396108000.0,94365180000.0,5030928000.0,2500.47,2629.3889999999997,False,False,False,False,True,False
2022,39,Q3,2623068000.0,2696862000.0,-73794000.0,102000000000.0,97042866000.0,4957134000.0,2623.068,2625.3465,False,False,False,False,True,False
2022,40,Q4,2767422000.0,2952642000.0,-185220000.0,105000000000.0,100228086000.0,4771914000.0,2767.422,2641.0755,False,False,False,False,False,True
2022,41,Q4,2370228000.0,2729202000.0,-358974000.0,107000000000.0,102587060000.0,4412940000.0,2370.228,2565.297,False,False,False,False,False,True
2022,42,Q4,2505174000.0,2732730000.0,-227556000.0,110000000000.0,105814616000.0,4185384000.0,2505.174,2566.473,False,False,False,False,False,True
2022,43,Q4,2718030000.0,2741550000.0,-23520000.0,112000000000.0,107838136000.0,4161864000.0,2718.03,2590.2135,False,False,False,False,False,True
2022,44,Q4,2511054000.0,2873850000.0,-362796000.0,115000000000.0,111200932000.0,3799068000.0,2511.054,2526.1215,False,False,False,False,False,True
2022,45,Q4,2682162000.0,2772420000.0,-90258000.0,118000000000.0,114291190000.0,3708810000.0,2682.162,2604.105,False,False,False,False,False,True
2022,46,Q4,2748312000.0,2743902000.0,4410000.0,120000000000.0,116286780000.0,3713220000.0,2748.312,2664.8895,False,False,False,False,False,True
2022,47,Q4,2479596000.0,2814168000.0,-334572000.0,123000000000.0,119621352000.0,3378648000.0,2479.596,2605.281,False,False,False,False,False,True
2022,48,Q4,2525754000.0,2815932000.0,-290178000.0,125000000000.0,121911530000.0,3088470000.0,2525.754,2608.9559999999997,False,False,False,False,False,True
2022,49,Q4,2565738000.0,2824752000.0,-259014000.0,128000000000.0,125170544000.0,2829456000.0,2565.738,2579.85,False,False,False,False,False,True
2022,50,Q4,2497236000.0,2614248000.0,-117012000.0,130000000000.0,127287556000.0,2712444000.0,2497.236,2517.081,False,False,False,False,False,True
2022,51,Q4,2446668000.0,2615424000.0,-168756000.0,133000000000.0,130456312000.0,2543688000.0,2446.668,2508.849,False,False,False,False,False,True
2022,52,Q4,2594550000.0,2763306000.0,-168756000.0,135000000000.0,132625068000.0,2374932000.0,2594.55,2526.048,False,False,False,False,False,True
2022,53,Q4,2782710000.0,,,138000000000.0,135625068000.0,2374932000.0,2782.71,2580.291,False,False,False,False,False,True
2023,1,Q1,2433144000.0,2771538000.0,-338394000.0,2433144000.0,2771538000.0,-338394000.0,2433.144,2564.268,False,False,True,False,False,False
2023,2,Q1,2551332000.0,2700684000.0,-149352000.0,4984476000.0,5472222000.0,-487746000.0,2551.332,2590.434,False,False,True,False,False,False
2023,3,Q1,2625420000.0,2832396000.0,-206976000.0,7609896000.0,8304618000.0,-694722000.0,2625.42,2598.1515,False,False,True,False,False,False
2023,4,Q1,2546040000.0,2740962000.0,-194922000.0,10155936000.0,11045580000.0,-889644000.0,2546.04,2538.984,False,False,True,False,False,False
2023,5,Q1,2649234000.0,2794176000.0,-144942000.0,12805170000.0,13839756000.0,-1034586000.0,2649.234,2593.0065,False,False,True,False,False,False
2023,6,Q1,2570148000.0,2722146000.0,-151998000.0,15375318000.0,16561902000.0,-1186584000.0,2570.148,2597.7105,False,False,True,False,False,False
2023,7,Q1,2448138000.0,2716854000.0,-268716000.0,17823456000.0,19278756000.0,-1455300000.0,2448.138,2553.39,False,False,True,False,False,False
2023,8,Q1,2445198000.0,2744196000.0,-298998000.0,20268654000.0,22022952000.0,-1754298000.0,2445.198,2528.1795,False,False,True,False,False,False
2023,9,Q1,2457252000.0,2586024000.0,-128772000.0,22725906000.0,24608976000.0,-1883070000.0,2457.252,2480.184,False,False,True,False,False,False
2023,10,Q1,2426970000.0,2635122000.0,-208152000.0,25152876000.0,27244098000.0,-2091222000.0,2426.97,2444.3894999999998,False,False,True,False,False,False
2023,11,Q1,2561916000.0,2784768000.0,-222852000.0,27714792000.0,30028866000.0,-2314074000.0,2561.916,2472.834,False,False,True,False,False,False
2023,12,Q1,2742138000.0,2641884000.0,100254000.0,30456930000.0,32670750000.0,-2213820000.0,2742.138,2547.069,False,False,True,False,False,False
2023,13,Q1,2209116000.0,2858856000.0,-649740000.0,32666046000.0,35529606000.0,-2863560000.0,2209.116,2485.035,False,True,True,False,False,False
2023,14,Q2,2222052000.0,2402568000.0,-180516000.0,34888098000.0,37932174000.0,-3044076000.0,2222.052,2433.8055000000004,False,False,False,True,False,False
2023,15,Q2,2367876000.0,2324364000.0,43512000.0,37255974000.0,40256538000.0,-3000564000.0,2367.876,2385.2955,False,False,False,True,False,False
2023,16,Q2,2393748000.0,2417856000.0,-24108000.0,39649722000.0,42674394000.0,-3024672000.0,2393.748,2298.1980000000003,False,False,False,True,False,False
2023,17,Q2,2496354000.0,2500470000.0,-4116000.0,42146076000.0,45174864000.0,-3028788000.0,2496.354,2370.0075,False,False,False,True,False,False
2023,18,Q2,2477832000.0,2418444000.0,59388000.0,44623908000.0,47593308000.0,-2969400000.0,2477.832,2433.9525,False,False,False,True,False,False
2023,19,Q2,2432556000.0,2683044000.0,-250488000.0,47056464000.0,50276352000.0,-3219888000.0,2432.556,2450.1225,False,False,False,True,False,False
2023,20,Q2,2619540000.0,2519580000.0,99960000.0,49676004000.0,52795932000.0,-3119928000.0,2619.54,2506.5705,False,False,False,True,False,False
2023,21,Q2,2678928000.0,2545158000.0,133770000.0,52354932000.0,55341090000.0,-2986158000.0,2678.928,2552.214,False,False,False,True,False,False
2023,22,Q2,2517228000.0,2570442000.0,-53214000.0,54872160000.0,57911532000.0,-3039372000.0,2517.228,2562.063,False,False,False,True,False,False
2023,23,Q2,2526636000.0,2634828000.0,-108192000.0,57398796000.0,60546360000.0,-3147564000.0,2526.636,2585.583,False,False,False,True,False,False
2023,24,Q2,2634240000.0,2629536000.0,4704000.0,60033036000.0,63175896000.0,-3142860000.0,2634.24,2589.258,False,False,False,True,False,False
2023,25,Q2,2688630000.0,2539278000.0,149352000.0,62721666000.0,65715174000.0,-2993508000.0,2688.63,2591.6835,False,False,False,True,False,False
2023,26,Q2,2732730000.0,2498706000.0,234024000.0,65454396000.0,68213880000.0,-2759484000.0,2732.73,2645.559,False,False,False,True,False,False
2023,27,Q3,2627184000.0,2517228000.0,109956000.0,68081580000.0,70731108000.0,-2649528000.0,2627.184,2670.696,False,False,False,False,True,False
2023,28,Q3,2504586000.0,2568384000.0,-63798000.0,70586166000.0,73299492000.0,-2713326000.0,2504.586,2638.2825,False,False,False,False,True,False
2023,29,Q3,2796234000.0,2607192000.0,189042000.0,73382400000.0,75906684000.0,-2524284000.0,2796.234,2665.1835,False,False,False,False,True,False
2023,30,Q3,2533692000.0,2569266000.0,-35574000.0,75916092000.0,78475950000.0,-2559858000.0,2533.692,2615.424,False,False,False,False,True,False
2023,31,Q3,2735082000.0,2603664000.0,131418000.0,78651174000.0,81079614000.0,-2428440000.0,2735.082,2642.3985,False,False,False,False,True,False
2023,32,Q3,2618952000.0,2558388000.0,60564000.0,81270126000.0,83638002000.0,-2367876000.0,2618.952,2670.9900000000002,False,False,False,False,True,False
2023,33,Q3,2774478000.0,2653938000.0,120540000.0,84044604000.0,86291940000.0,-2247336000.0,2774.478,2665.551,False,False,False,False,True,False
2023,34,Q3,2674812000.0,2586612000.0,88200000.0,86719416000.0,88878552000.0,-2159136000.0,2674.812,2700.831,False,False,False,False,True,False
2023,35,Q3,2710092000.0,2639238000.0,70854000.0,89429508000.0,91517790000.0,-2088282000.0,2710.092,2694.5834999999997,False,False,False,False,True,False
2023,36,Q3,2702742000.0,2704506000.0,-1764000.0,92132250000.0,94222296000.0,-2090046000.0,2702.742,2715.531,False,False,False,False,True,False
2023,37,Q3,2756250000.0,2673342000.0,82908000.0,94888500000.0,96895638000.0,-2007138000.0,2756.25,2710.974,False,False,False,False,True,False
2023,38,Q3,2735964000.0,2500470000.0,235494000.0,97624464000.0,99396108000.0,-1771644000.0,2735.964,2726.2619999999997,False,False,False,False,True,False
2023,39,Q3,2822106000.0,2623068000.0,199038000.0,100000000000.0,101572606000.0,-1572606000.0,2822.106,2754.2655,False,False,False,False,True,False
2023,40,Q4,2574264000.0,2767422000.0,-193158000.0,103000000000.0,104765764000.0,-1765764000.0,2574.264,2722.1459999999997,False,False,False,False,False,True
2023,41,Q4,2603370000.0,2370228000.0,233142000.0,106000000000.0,107532622000.0,-1532622000.0,2603.37,2683.926,False,False,False,False,False,True
2023,42,Q4,2628066000.0,2505174000.0,122892000.0,108000000000.0,109409730000.0,-1409730000.0,2628.066,2656.9515,False,False,False,False,False,True
2023,43,Q4,2598372000.0,2718030000.0,-119658000.0,111000000000.0,112529388000.0,-1529388000.0,2598.372,2601.018,False,False,False,False,False,True
2023,44,Q4,2734788000.0,2511054000.0,223734000.0,114000000000.0,115305654000.0,-1305654000.0,2734.788,2641.149,False,False,False,False,False,True
2023,45,Q4,2602194000.0,2682162000.0,-79968000.0,116000000000.0,117385622000.0,-1385622000.0,2602.194,2640.855,False,False,False,False,False,True
2023,46,Q4,2619540000.0,2748312000.0,-128772000.0,119000000000.0,120514394000.0,-1514394000.0,2619.54,2638.7235,False,False,False,False,False,True
2023,47,Q4,2665992000.0,2479596000.0,186396000.0,121000000000.0,122327998000.0,-1327998000.0,2665.992,2655.6285,False,False,False,False,False,True
2023,48,Q4,2740374000.0,2525754000.0,214620000.0,124000000000.0,125113378000.0,-1113378000.0,2740.374,2657.0249999999996,False,False,False,False,False,True
2023,49,Q4,2442258000.0,2565738000.0,-123480000.0,127000000000.0,128236858000.0,-1236858000.0,2442.258,2617.041,False,False,False,False,False,True
2023,50,Q4,2472540000.0,2497236000.0,-24696000.0,129000000000.0,130261554000.0,-1261554000.0,2472.54,2580.291,False,False,False,False,False,True
2023,51,Q4,2533986000.0,2446668000.0,87318000.0,132000000000.0,133174236000.0,-1174236000.0,2533.986,2547.2895,False,False,False,False,False,True
2023,52,Q4,2356116000.0,2594550000.0,-238434000.0,134000000000.0,135412670000.0,-1412670000.0,2356.116,2451.225,False,False,False,False,False,True
2024,1,Q1,2522814000.0,2433144000.0,89670000.0,2522814000.0,2433144000.0,89670000.0,2522.814,2471.364,False,False,True,False,False,False
2024,2,Q1,2629242000.0,2551332000.0,77910000.0,5152056000.0,4984476000.0,167580000.0,2629.242,2510.5395,False,False,True,False,False,False
2024,3,Q1,2606016000.0,2625420000.0,-19404000.0,7758072000.0,7609896000.0,148176000.0,2606.016,2528.547,False,False,True,False,False,False
2024,4,Q1,2556918000.0,2546040000.0,10878000.0,10314990000.0,10155936000.0,159054000.0,2556.918,2578.7475,False,False,True,False,False,False
2024,5,Q1,2790648000.0,2649234000.0,141414000.0,13105638000.0,12805170000.0,300468000.0,2790.648,2645.706,False,False,True,False,False,False
2024,6,Q1,2631006000.0,2570148000.0,60858000.0,15736644000.0,15375318000.0,361326000.0,2631.006,2646.147,False,False,True,False,False,False
2024,7,Q1,2493120000.0,2448138000.0,44982000.0,18229764000.0,17823456000.0,406308000.0,2493.12,2617.923,False,False,True,False,False,False
2024,8,Q1,2412564000.0,2445198000.0,-32634000.0,20642328000.0,20268654000.0,373674000.0,2412.564,2581.8345,False,False,True,False,False,False
2024,9,Q1,2489004000.0,2457252000.0,31752000.0,23131332000.0,22725906000.0,405426000.0,2489.004,2506.4235,False,False,True,False,False,False
2024,10,Q1,2604546000.0,2426970000.0,177576000.0,25735878000.0,25152876000.0,583002000.0,2604.546,2499.8085,False,False,True,False,False,False
2024,11,Q1,2573676000.0,2561916000.0,11760000.0,28309554000.0,27714792000.0,594762000.0,2573.676,2519.9474999999998,False,False,True,False,False,False
2024,12,Q1,2695392000.0,2742138000.0,-46746000.0,31004946000.0,30456930000.0,548016000.0,2695.392,2590.6544999999996,False,False,True,False,False,False
2024,13,Q1,2338476000.0,2209116000.0,129360000.0,33343422000.0,32666046000.0,677376000.0,2338.476,2553.0225,False,False,True,False,False,False
2024,14,Q2,2447550000.0,2222052000.0,225498000.0,35790972000.0,34888098000.0,902874000.0,2447.55,2513.7735000000002,False,False,False,True,False,False
2024,15,Q2,2431086000.0,2367876000.0,63210000.0,38222058000.0,37255974000.0,966084000.0,2431.086,2478.126,False,False,False,True,False,False
2024,16,Q2,2316720000.0,2393748000.0,-77028000.0,40538778000.0,39649722000.0,889056000.0,2316.72,2383.458,False,False,False,True,False,False
2024,17,Q2,2394336000.0,2496354000.0,-102018000.0,42933114000.0,42146076000.0,787038000.0,2394.336,2397.423,False,False,False,True,False,False
2024,18,Q2,2589258000.0,2477832000.0,111426000.0,45522372000.0,44623908000.0,898464000.0,2589.258,2432.85,False,False,False,True,False,False
2024,19,Q2,2401392000.0,2432556000.0,-31164000.0,47923764000.0,47056464000.0,867300000.0,2401.392,2425.4265,False,False,False,True,False,False
2024,20,Q2,2410800000.0,2619540000.0,-208740000.0,50334564000.0,49676004000.0,658560000.0,2410.8,2448.9465,False,False,False,True,False,False
2024,21,Q2,2489298000.0,2678928000.0,-189630000.0,52823862000.0,52354932000.0,468930000.0,2489.298,2472.687,False,False,False,True,False,False
2024,22,Q2,2649822000.0,2517228000.0,132594000.0,55473684000.0,54872160000.0,601524000.0,2649.822,2487.828,False,False,False,True,False,False
2024,23,Q2,2658936000.0,2526636000.0,132300000.0,58132620000.0,57398796000.0,733824000.0,2658.936,2552.214,False,False,False,True,False,False
2024,24,Q2,2589846000.0,2634240000.0,-44394000.0,60722466000.0,60033036000.0,689430000.0,2589.846,2596.9755,False,False,False,True,False,False
2024,25,Q2,2562210000.0,2688630000.0,-126420000.0,63284676000.0,62721666000.0,563010000.0,2562.21,2615.2035,False,False,False,True,False,False
2024,26,Q2,2715384000.0,2732730000.0,-17346000.0,66000060000.0,65454396000.0,545664000.0,2715.384,2631.594,False,False,False,True,False,False
2024,27,Q3,2531928000.0,2627184000.0,-95256000.0,68531988000.0,68081580000.0,450408000.0,2531.928,2599.842,False,False,False,False,True,False
2024,28,Q3,2546628000.0,2504586000.0,42042000.0,71078616000.0,70586166000.0,492450000.0,2546.628,2589.0375000000004,False,False,False,False,True,False
2024,29,Q3,2476362000.0,2796234000.0,-319872000.0,73554978000.0,73382400000.0,172578000.0,2476.362,2567.5755,False,False,False,False,True,False
2024,30,Q3,2533692000.0,2533692000.0,0.0,76088670000.0,75916092000.0,172578000.0,2533.692,2522.1525,False,False,False,False,True,False
2024,31,Q3,2586318000.0,2735082000.0,-148764000.0,78674988000.0,78651174000.0,23814000.0,2586.318,2535.75,False,False,False,False,True,False
2024,32,Q3,2609250000.0,2618952000.0,-9702000.0,81284238000.0,81270126000.0,14112000.0,2609.25,2551.4055,False,False,False,False,True,False
2024,33,Q3,2738610000.0,2774478000.0,-35868000.0,84022848000.0,84044604000.0,-21756000.0,2738.61,2616.9675,False,False,False,False,True,False
2024,34,Q3,2689512000.0,2674812000.0,14700000.0,86712360000.0,86719416000.0,-7056000.0,2689.512,2655.9225,False,False,False,False,True,False
2024,35,Q3,2630124000.0,2710092000.0,-79968000.0,89342484000.0,89429508000.0,-87024000.0,2630.124,2666.874,False,False,False,False,True,False
2024,36,Q3,2657760000.0,2702742000.0,-44982000.0,92000244000.0,92132250000.0,-132006000.0,2657.76,2679.0015000000003,False,False,False,False,True,False
2024,37,Q3,2759484000.0,2756250000.0,3234000.0,94759728000.0,94888500000.0,-128772000.0,2759.484,2684.22,False,False,False,False,True,False
2024,38,Q3,2636886000.0,2735964000.0,-99078000.0,97396614000.0,97624464000.0,-227850000.0,2636.886,2671.0635,False,False,False,False,True,False
2024,39,Q3,2770656000.0,2822106000.0,-51450000.0,100000000000.0,100279300000.0,-279300000.0,2770.656,2706.1965,False,False,False,False,True,False
2024,40,Q4,2763012000.0,2574264000.0,188748000.0,103000000000.0,103090552000.0,-90552000.0,2763.012,2732.5095,False,False,False,False,False,True
2024,41,Q4,2582202000.0,2603370000.0,-21168000.0,106000000000.0,106111720000.0,-111720000.0,2582.202,2688.189,False,False,False,False,False,True
2024,42,Q4,2780064000.0,2628066000.0,151998000.0,108000000000.0,107959722000.0,40278000.0,2780.064,2723.9835000000003,False,False,False,False,False,True
2024,43,Q4,2719500000.0,2598372000.0,121128000.0,111000000000.0,110838594000.0,161406000.0,2719.5,2711.1945,False,False,False,False,False,True
2024,44,Q4,2636298000.0,2734788000.0,-98490000.0,114000000000.0,113937084000.0,62916000.0,2636.298,2679.5159999999996,False,False,False,False,False,True
2024,45,Q4,2659230000.0,2602194000.0,57036000.0,116000000000.0,115880048000.0,119952000.0,2659.23,2698.773,False,False,False,False,False,True
2024,46,Q4,2702742000.0,2619540000.0,83202000.0,119000000000.0,118796846000.0,203154000.0,2702.742,2679.4425,False,False,False,False,False,True
2024,47,Q4,2736258000.0,2665992000.0,70266000.0,122000000000.0,121726580000.0,273420000.0,2736.258,2683.632,False,False,False,False,False,True
2024,48,Q4,2627772000.0,2740374000.0,-112602000.0,124000000000.0,123839182000.0,160818000.0,2627.772,2681.5005,False,False,False,False,False,True
2024,49,Q4,2492532000.0,2442258000.0,50274000.0,126867000000.0,126655908000.0,211092000.0,2492.532,2639.826,False,False,False,False,False,True
2024,50,Q4,2580144000.0,2472540000.0,107604000.0,129447024000.0,129128328000.0,318696000.0,2580.144,2609.1765,False,False,False,False,False,True
2024,51,Q4,2706270000.0,2533986000.0,172284000.0,132153294000.0,131662314000.0,490980000.0,2706.27,2601.6795,False,False,False,False,False,True
2024,52,Q4,2505174000.0,2356116000.0,149058000.0,134658468000.0,134018430000.0,640038000.0,2505.174,2571.0299999999997,False,False,False,False,False,True
2025,1,Q1,2838276000.0,2522814000.0,315462000.0,2838276000.0,2522814000.0,315462000.0,2838.276,2657.466,False,False,True,False,False,False
2025,2,Q1,2534280000.0,2629242000.0,-94962000.0,5372556000.0,5152056000.0,220500000.0,2534.28,2646.0,False,False,True,False,False,False
2025,3,Q1,2598372000.0,2606016000.0,-7644000.0,7970928000.0,7758072000.0,212856000.0,2598.372,2619.0254999999997,False,False,True,False,False,False
2025,4,Q1,2692746000.0,2556918000.0,135828000.0,10663674000.0,10314990000.0,348684000.0,2692.746,2665.9185,False,False,True,False,False,False
2025,5,Q1,2595432000.0,2790648000.0,-195216000.0,13259106000.0,13105638000.0,153468000.0,2595.432,2605.2075,False,False,True,False,False,False
2025,6,Q1,2758602000.0,2631006000.0,127596000.0,16017708000.0,15736644000.0,281064000.0,2758.602,2661.288,False,False,True,False,False,False
2025,7,Q1,2475186000.0,2493120000.0,-17934000.0,18492894000.0,18229764000.0,263130000.0,2475.186,2630.4915,False,False,True,False,False,False
2025,8,Q1,2500764000.0,2412564000.0,88200000.0,20993658000.0,20642328000.0,351330000.0,2500.764,2582.496,False,False,True,False,False,False
2025,9,Q1,2568972000.0,2489004000.0,79968000.0,23562630000.0,23131332000.0,431298000.0,2568.972,2575.8810000000003,False,False,True,False,False,False
2025,10,Q1,2590140000.0,2604546000.0,-14406000.0,26152770000.0,25735878000.0,416892000.0,2590.14,2533.7655,False,False,True,False,False,False
2025,11,Q1,2624538000.0,2573676000.0,50862000.0,28777308000.0,28309554000.0,467754000.0,2624.538,2571.1035,True,False,True,False,False,False
2025,12,Q1,2648352000.0,2695392000.0,-47040000.0,31425660000.0,31004946000.0,420714000.0,2648.352,2608.0005,False,False,True,False,False,False
2025,13,Q1,2401392000.0,2338476000.0,62916000.0,33827052000.0,33343422000.0,483630000.0,2401.392,2566.1055,False,False,True,False,False,False
2025,14,Q2,2493414000.0,2447550000.0,45864000.0,36320466000.0,35790972000.0,529494000.0,2493.414,2541.924,False,False,False,True,False,False
2025,15,Q2,2447550000.0,2431086000.0,16464000.0,38768016000.0,38222058000.0,545958000.0,2447.55,2497.6769999999997,False,False,False,True,False,False
2025,16,Q2,2377284000.0,2316720000.0,60564000.0,41145300000.0,40538778000.0,606522000.0,2377.284,2429.9100000000003,False,False,False,True,False,False
2025,17,Q2,2440788000.0,2394336000.0,46452000.0,43586088000.0,42933114000.0,652974000.0,2440.788,2439.759,False,False,False,True,False,False
2025,18,Q2,2448432000.0,2589258000.0,-140826000.0,46034520000.0,45522372000.0,512148000.0,2448.432,2428.5135,False,False,False,True,False,False
2025,19,Q2,2521344000.0,2401392000.0,119952000.0,48555864000.0,47923764000.0,632100000.0,2521.344,2446.962,False,False,False,True,False,False
2025,20,Q2,2422266000.0,2410800000.0,11466000.0,50978130000.0,50334564000.0,643566000.0,2422.266,2458.2075,False,False,False,True,False,False
2025,21,Q2,2485476000.0,2489298000.0,-3822000.0,53463606000.0,52823862000.0,639744000.0,2485.476,2469.3795,False,False,False,True,False,False
2025,22,Q2,2609838000.0,2649822000.0,-39984000.0,56073444000.0,55473684000.0,599760000.0,2609.838,2509.731,False,False,False,True,False,False
2025,23,Q2,2699508000.0,2658936000.0,40572000.0,58772952000.0,58132620000.0,640332000.0,2699.508,2554.272,False,False,False,True,False,False
2025,24,Q2,2592198000.0,2589846000.0,2352000.0,61365150000.0,60722466000.0,642684000.0,2592.198,2596.755,False,False,False,True,False,False
2025,25,Q2,2541042000.0,2562210000.0,-21168000.0,63906192000.0,63284676000.0,621516000.0,2541.042,2610.6465,False,False,False,True,False,False
2025,26,Q2,2497530000.0,2715384000.0,-217854000.0,66403722000.0,66000060000.0,403662000.0,2497.53,2582.5695,False,False,False,True,False,False
2025,27,Q3,2476950000.0,2531928000.0,-54978000.0,68880672000.0,68531988000.0,348684000.0,2476.95,2526.9300000000003,False,False,False,False,True,False
2025,28,Q3,2487828000.0,2546628000.0,-58800000.0,71368500000.0,71078616000.0,289884000.0,2487.828,2500.8375,False,False,False,False,True,False
2025,29,Q3,2767716000.0,2476362000.0,291354000.0,74136216000.0,73554978000.0,581238000.0,2767.716,2557.5060000000003,False,False,False,False,True,False
2025,30,Q3,2674812000.0,2533692000.0,141120000.0,76811028000.0,76088670000.0,722358000.0,2674.812,2601.8265,False,False,False,False,True,False
2025,31,Q3,2562798000.0,2586318000.0,-23520000.0,79373826000.0,78674988000.0,698838000.0,2562.798,2623.2884999999997,False,False,False,False,True,False
2025,32,Q3,2585436000.0,2609250000.0,-23814000.0,81959262000.0,81284238000.0,675024000.0,2585.436,2647.6905,False,False,False,False,True,False
2025,33,Q3,2541336000.0,2738610000.0,-197274000.0,84500598000.0,84022848000.0,477750000.0,2541.336,2591.0955,False,False,False,False,True,False
2025,34,Q3,2778888000.0,2689512000.0,89376000.0,87279486000.0,86712360000.0,567126000.0,2778.888,2617.1144999999997,False,False,False,False,True,False
2025,35,Q3,2429322000.0,2630124000.0,-200802000.0,89708808000.0,89342484000.0,366324000.0,2429.322,2583.7455,False,False,False,False,True,False
2025,36,Q3,2695980000.0,2657760000.0,38220000.0,92404788000.0,92000244000.0,404544000.0,2695.98,2611.3815,False,False,False,False,True,False
2025,37,Q3,2733906000.0,2759484000.0,-25578000.0,95138694000.0,94759728000.0,378966000.0,2733.906,2659.524,False,False,False,False,True,False
2025,38,Q3,2848272000.0,2636886000.0,211386000.0,97986966000.0,97396614000.0,590352000.0,2848.272,2676.87,False,False,False,False,True,False
2025,39,Q3,2540160000.0,2770656000.0,-230496000.0,100527126000.0,100167270000.0,359856000.0,2540.16,2704.5795,False,False,False,False,True,False
2025,40,Q4,2692746000.0,2763012000.0,-70266000.0,103219872000.0,102930282000.0,289590000.0,2692.746,2703.771,False,False,False,False,False,True
2025,41,Q4,2495766000.0,2582202000.0,-86436000.0,105715638000.0,105512484000.0,203154000.0,2495.766,2644.236,False,False,False,False,False,True
2025,42,Q4,2636298000.0,2780064000.0,-143766000.0,108351936000.0,108292548000.0,59388000.0,2636.298,2591.2425000000003,False,False,False,False,False,True
2025,43,Q4,2690688000.0,2719500000.0,-28812000.0,111042624000.0,111012048000.0,30576000.0,2690.688,2628.8745,False,False,False,False,False,True
2025,44,Q4,2657760000.0,2636298000.0,21462000.0,113700384000.0,113648346000.0,52038000.0,2657.76,2620.1279999999997,False,False,False,False,False,True
2025,45,Q4,2646000000.0,2659230000.0,-13230000.0,116346384000.0,116307576000.0,38808000.0,2646.0,2657.6865,False,False,False,False,False,True
2025,46,Q4,2599548000.0,2702742000.0,-103194000.0,118945932000.0,119010318000.0,-64386000.0,2599.548,2648.499,False,False,False,False,False,True
2025,47,Q4,2716560000.0,2736258000.0,-19698000.0,121662492000.0,121746576000.0,-84084000.0,2716.56,2654.967,False,False,False,False,False,True
2025,48,Q4,2680398000.0,2627772000.0,52626000.0,124342890000.0,124374348000.0,-31458000.0,2680.398,2660.6265,False,False,False,False,False,True
2025,49,Q4,2501352000.0,2492532000.0,8820000.0,126844242000.0,126866880000.0,-22638000.0,2501.352,2624.4645,False,False,False,False,False,True
2025,50,Q4,2590140000.0,2580144000.0,9996000.0,129434382000.0,129447024000.0,-12642000.0,2590.14,2622.1125,False,False,False,False,False,True
2025,51,Q4,2633946000.0,2706270000.0,-72324000.0,132068328000.0,132153294000.0,-84966000.0,2633.946,2601.459,False,False,False,False,False,True
2025,52,Q4,2504292000.0,2505174000.0,-882000.0,134572620000.0,134658468000.0,-85848000.0,2504.292,2557.4325,False,False,False,False,False,True
2026,1,Q1,2622186000.0,2838276000.0,-216090000.0,2622186000.0,2838276000.0,-216090000.0,2622.186,2587.641,False,False,True,False,False,False
2026,2,Q1,2485770000.0,2534280000.0,-48510000.0,5107956000.0,5372556000.0,-264600000.0,2485.77,2561.5485,False,False,True,False,False,False
2026,3,Q1,2485476000.0,2598372000.0,-112896000.0,7593432000.0,7970928000.0,-377496000.0,2485.476,2524.431,False,False,True,False,False,False
2026,4,Q1,2623656000.0,2692746000.0,-69090000.0,10217088000.0,10663674000.0,-446586000.0,2623.656,2554.272,False,False,True,False,False,False
2026,5,Q1,2608956000.0,2595432000.0,13524000.0,12826044000.0,13259106000.0,-433062000.0,2608.956,2550.9645,False,False,True,False,False,False
2026,6,Q1,2654232000.0,2758602000.0,-104370000.0,15480276000.0,16017708000.0,-537432000.0,2654.232,2593.08,False,False,True,False,False,False
2026,7,Q1,2507232000.0,2475186000.0,32046000.0,17987508000.0,18492894000.0,-505386000.0,2507.232,2598.5190000000002,False,False,True,False,False,False
2026,8,Q1,2565444000.0,2500764000.0,64680000.0,20552952000.0,20993658000.0,-440706000.0,2565.444,2583.966,False,False,True,False,False,False
2026,9,Q1,2447844000.0,2568972000.0,-121128000.0,23000796000.0,23562630000.0,-561834000.0,2447.844,2543.688,False,False,True,False,False,False
2026,10,Q1,2486064000.0,2590140000.0,-104076000.0,25486860000.0,26152770000.0,-665910000.0,2486.064,2501.6459999999997,False,False,True,False,False,False
2026,11,Q1,2668932000.0,2624538000.0,44394000.0,28155792000.0,28777308000.0,-621516000.0,2668.932,2542.071,False,False,True,False,False,False
2026,12,Q1,2628948000.0,2648352000.0,-19404000.0,30784740000.0,31425660000.0,-640920000.0,2628.948,2557.947,False,False,True,False,False,False
2026,13,Q1,2517522000.0,2401392000.0,116130000.0,33302262000.0,33827052000.0,-524790000.0,2517.522,2575.3664999999996,False,False,True,False,False,False
2026,14,Q2,2401980000.0,2493414000.0,-91434000.0,35704242000.0,36320466000.0,-616224000.0,2401.98,2554.3455,False,False,False,True,False,False
2026,15,Q2,2441376000.0,2447550000.0,-6174000.0,38145618000.0,38768016000.0,-622398000.0,2441.376,2497.4565000000002,False,False,False,True,False,False
2026,16,Q2,2303196000.0,2377284000.0,-74088000.0,40448814000.0,41145300000.0,-696486000.0,2303.196,2416.0185,False,False,False,True,False,False
2026,17,Q2,2574558000.0,2440788000.0,133770000.0,43023372000.0,43586088000.0,-562716000.0,2574.558,2430.2775,False,False,False,True,False,False
2026,18,Q2,2396982000.0,2448432000.0,-51450000.0,45420354000.0,46034520000.0,-614166000.0,2396.982,2429.0280000000002,False,False,False,True,False,False
2026,19,Q2,2440200000.0,2521344000.0,-81144000.0,47860554000.0,48555864000.0,-695310000.0,2440.2,2428.734,False,False,False,True,False,False
2026,20,Q2,2572206000.0,2422266000.0,149940000.0,50432760000.0,50978130000.0,-545370000.0,2572.206,2495.9865,False,False,False,True,False,False
2026,21,Q2,2567502000.0,2485476000.0,82026000.0,53000262000.0,53463606000.0,-463344000.0,2567.502,2494.2225,False,False,False,True,False,False
2026,22,Q2,2437848000.0,2609838000.0,-171990000.0,55438110000.0,56073444000.0,-635334000.0,2437.848,2504.439,False,False,False,True,False,False
2026,23,Q2,2716854000.0,2699508000.0,17346000.0,58154964000.0,58772952000.0,-617988000.0,2716.854,2573.6025,False,False,False,True,False,False
2026,24,Q2,2566032000.0,2592198000.0,-26166000.0,60720996000.0,61365150000.0,-644154000.0,2566.032,2572.059,False,False,False,True,False,False
2026,25,Q2,2623656000.0,2541042000.0,82614000.0,63344652000.0,63906192000.0,-561540000.0,2623.656,2586.0975,False,False,False,True,False,False
2026,26,Q2,2553684000.0,2497530000.0,56154000.0,65898336000.0,66403722000.0,-505386000.0,2553.684,2615.0564999999997,False,False,False,True,False,False
2026,27,Q3,2517816000.0,2476950000.0,40866000.0,68416152000.0,68880672000.0,-464520000.0,2517.816,2565.297,False,False,False,False,True,False
2026,28,Q3,2671872000.0,2487828000.0,184044000.0,71088024000.0,71368500000.0,-280476000.0,2671.872,2591.757,False,False,False,False,True,False
2026,29,Q3,2662170000.0,2767716000.0,-105546000.0,73750194000.0,74136216000.0,-386022000.0,2662.17,2601.3855,False,False,False,False,True,False
2026,30,Q3,2676576000.0,2674812000.0,1764000.0,76426770000.0,76811028000.0,-384258000.0,2676.576,2632.1085,False,False,False,False,True,False
2026,31,Q3,2591022000.0,2562798000.0,28224000.0,79017792000.0,79373826000.0,-356034000.0,2591.022,2650.41,False,False,False,False,True,False
2026,32,Q3,2573676000.0,2585436000.0,-11760000.0,81591468000.0,81959262000.0,-367794000.0,2573.676,2625.861,False,False,False,False,True,False
2026,33,Q3,2577498000.0,2541336000.0,36162000.0,84168966000.0,84500598000.0,-331632000.0,2577.498,2604.693,False,False,False,False,True,False
2026,34,Q3,2721264000.0,2778888000.0,-57624000.0,86890230000.0,87279486000.0,-389256000.0,2721.264,2615.865,False,False,False,False,True,False
2026,35,Q3,2526636000.0,2429322000.0,97314000.0,89416866000.0,89708808000.0,-291942000.0,2526.636,2599.7685,False,False,False,False,True,False
2026,36,Q3,2566914000.0,2695980000.0,-129066000.0,91983780000.0,92404788000.0,-421008000.0,2566.914,2598.078,False,False,False,False,True,False
2026,37,Q3,2708328000.0,2733906000.0,-25578000.0,94692108000.0,95138694000.0,-446586000.0,2708.328,2630.7855,False,False,False,False,True,False
2026,38,Q3,2579850000.0,2848272000.0,-268422000.0,97271958000.0,97986966000.0,-715008000.0,2579.85,2595.432,False,False,False,False,True,False
2026,39,Q3,2684514000.0,2540160000.0,144354000.0,99956472000.0,100527126000.0,-570654000.0,2684.514,2634.9015,False,False,False,False,True,False
2026,40,Q4,2600430000.0,2692746000.0,-92316000.0,102556902000.0,103219872000.0,-662970000.0,2600.43,2643.2805,False,False,False,False,False,True
2026,41,Q4,2600136000.0,2495766000.0,104370000.0,105157038000.0,105715638000.0,-558600000.0,2600.136,2616.2325,False,False,False,False,False,True
2026,42,Q4,2630418000.0,2636298000.0,-5880000.0,107787456000.0,108351936000.0,-564480000.0,2630.418,2628.8745,False,False,False,False,False,True
2026,43,Q4,2658054000.0,2690688000.0,-32634000.0,110445510000.0,111042624000.0,-597114000.0,2658.054,2622.2595,False,False,False,False,False,True
2026,44,Q4,2655114000.0,2657760000.0,-2646000.0,113100624000.0,113700384000.0,-599760000.0,2655.114,2635.9305,False,False,False,False,False,True
